use dmab0920_1086231








--insert into Productgroups (groupname, groupWarningPeriod) values ('Kød, Viktualier, Bespisning', 12)
--insert into Productgroups (groupname, groupWarningPeriod) values ('frugt, grønt & Blomster', 12)
--insert into Productgroups (groupname, groupWarningPeriod) values ('Brød, bageri & mejeri', 12)
--insert into Productgroups (groupname, groupWarningPeriod) values ('Nydelsesmidler OG Kioskvarer', 12)
--insert into Productgroups (groupname, groupWarningPeriod) values ('Kolonial', 12)
--insert into Productgroups (groupname, groupWarningPeriod) values ('Vin og Spiritus', 12)
--insert into Productgroups (groupname, groupWarningPeriod) values ('Husholdning, pers.pleje & helsekost', 12)
--insert into Productgroups (groupname, groupWarningPeriod) values ('Tekstil og sko', 12)
--insert into Productgroups (groupname, groupWarningPeriod) values ('Bolig og fritid', 12)
--insert into Productgroups (groupname, groupWarningPeriod) values ('Elektronik og underholdning', 12)
--insert into Productgroups (groupname, groupWarningPeriod) values ('Emballage og diverse',12)
--insert into Productgroups (groupname, groupWarningPeriod) values ('Grovvarer', 12)




--insert into products (barcode, productName, productWarningperiod, price, groupname_fk ) values (11111, 'Fisk', 12, 25, 'Kød, Viktualier, Bespisning')
--insert into products (barcode, productName, productWarningperiod, price, groupname_fk ) values (11112, 'Fersk kød', 12, 15, 'Kød, Viktualier, Bespisning')
--insert into products (barcode, productName, productWarningperiod, price, groupname_fk ) values (11113, 'Frisk fjerkræ', 12, 29, 'Kød, Viktualier, Bespisning')
--insert into products (barcode, productName, productWarningperiod, price, groupname_fk ) values (11114, 'Påløg', 12, 10, 'Kød, Viktualier, Bespisning')
--insert into products (barcode, productName, productWarningperiod, price, groupname_fk ) values (11115, 'Fersk fisk', 12, 25, 'Kød, Viktualier, Bespisning')

--insert into products (barcode, productName, productWarningperiod, price, groupname_fk ) values (22221, 'Grøntsager', 12, 8, 'frugt, grønt & Blomster')
--insert into products (barcode, productName, productWarningperiod, price, groupname_fk ) values (22222, 'Grøntsager', 12, 5, 'frugt, grønt & Blomster')
--insert into products (barcode, productName, productWarningperiod, price, groupname_fk ) values (22223, 'Frugt', 12, 6, 'frugt, grønt & Blomster')
--insert into products (barcode, productName, productWarningperiod, price, groupname_fk ) values (22224, 'Tørret Frugt', 12, 19, 'frugt, grønt & Blomster')
--insert into products (barcode, productName, productWarningperiod, price, groupname_fk ) values (22225, 'Blomster', 12, 20, 'frugt, grønt & Blomster')


--insert into products (barcode, productName, productWarningperiod, price, groupname_fk ) values (33331, 'Æg', 12, 15, 'Brød, bageri & mejeri')
--insert into products (barcode, productName, productWarningperiod, price, groupname_fk ) values (33332, 'Brød', 12, 10, 'Brød, bageri & mejeri')
--insert into products (barcode, productName, productWarningperiod, price, groupname_fk ) values (33333, 'Ost', 12, 39, 'Brød, bageri & mejeri')
--insert into products (barcode, productName, productWarningperiod, price, groupname_fk ) values (33334, 'Fedtstoffer', 12, 5, 'Brød, bageri & mejeri')
--insert into products (barcode, productName, productWarningperiod, price, groupname_fk ) values (33335, 'Mejeri', 12, 5, 'Brød, bageri & mejeri')


--insert into products (barcode, productName, productWarningperiod, price, groupname_fk ) values (44441, 'Knækbrød', 12, 14, 'Nydelsesmidler OG Kioskvarer')
--insert into products (barcode, productName, productWarningperiod, price, groupname_fk ) values (44442, 'Øl og alkopops', 12, 89, 'Nydelsesmidler OG Kioskvarer')
--insert into products (barcode, productName, productWarningperiod, price, groupname_fk ) values (44443, 'Saft', 12, 10, 'Nydelsesmidler OG Kioskvarer')
--insert into products (barcode, productName, productWarningperiod, price, groupname_fk ) values (44444, 'Kager og biscuits', 12, 12, 'Nydelsesmidler OG Kioskvarer')
--insert into products (barcode, productName, productWarningperiod, price, groupname_fk ) values (44445, 'Konfektura', 12, 10, 'Nydelsesmidler OG Kioskvarer')

--insert into products (barcode, productName, productWarningperiod, price, groupname_fk ) values (55551, 'Flåede Tomater', 12, 4, 'Kolonial')
--insert into products (barcode, productName, productWarningperiod, price, groupname_fk ) values (55552, 'Torskerogn', 12, 10, 'Kolonial')
--insert into products (barcode, productName, productWarningperiod, price, groupname_fk ) values (55553, 'Tun', 12, 10, 'Kolonial')
--insert into products (barcode, productName, productWarningperiod, price, groupname_fk ) values (55554, 'Majs', 12, 3, 'Kolonial')
--insert into products (barcode, productName, productWarningperiod, price, groupname_fk ) values (55555, 'Syltede agurker', 12, 7, 'Kolonial')

--insert into products (barcode, productName, productWarningperiod, price, groupname_fk ) values (66661, 'Vin', 12, 49, 'Vin og Spiritus')
--insert into products (barcode, productName, productWarningperiod, price, groupname_fk ) values (66662, 'Vin', 12, 49, 'Vin og Spiritus')
--insert into products (barcode, productName, productWarningperiod, price, groupname_fk ) values (66663, 'Spiritus', 12, 49, 'Vin og Spiritus')
--insert into products (barcode, productName, productWarningperiod, price, groupname_fk ) values (66664, 'Spiritus', 12, 69, 'Vin og Spiritus')
--insert into products (barcode, productName, productWarningperiod, price, groupname_fk ) values (66665, 'Spiritus', 12, 59, 'Vin og Spiritus')

--insert into products (barcode, productName, productWarningperiod, price, groupname_fk ) values (77771, 'Vaskemidler', 12, 25, 'Husholdning, pers.pleje & helsekost')
--insert into products (barcode, productName, productWarningperiod, price, groupname_fk ) values (77772, 'Rengøringsmidler', 12, 29, 'Husholdning, pers.pleje & helsekost')
--insert into products (barcode, productName, productWarningperiod, price, groupname_fk ) values (77773, 'Intim hygiejne', 12, 59, 'Husholdning, pers.pleje & helsekost')
--insert into products (barcode, productName, productWarningperiod, price, groupname_fk ) values (77774, 'Børnemad', 12, 9, 'Husholdning, pers.pleje & helsekost')
--insert into products (barcode, productName, productWarningperiod, price, groupname_fk ) values (77775, 'Dyremad', 12, 39, 'Husholdning, pers.pleje & helsekost')



--insert into batches (arrivaldate, expirationdate, warningperiod, barcode_fk ) values ('2021/05/01','2021/06/20',  12, 11111)  --laver ikke lave en notifikation                           
--insert into batches (arrivaldate, expirationdate, warningperiod, barcode_fk ) values ('2021/05/01','2021/06/05',  12, 11112)  --laver en notifikation med status pending   				          
--insert into batches (arrivaldate, expirationdate, warningperiod, barcode_fk ) values ('2021/05/01','2021/06/05',  12, 11113)  --laver en notifikation med status pending                         
--insert into batches (arrivaldate, expirationdate, warningperiod, barcode_fk ) values ('2021/05/01','2021/06/05',  12, 11114)  --laver en notifikation med status pending                         
--insert into batches (arrivaldate, expirationdate, warningperiod, barcode_fk ) values ('2021/05/01','2021/05/26',  12, 11115)  --laver en notifikation som er expired                          

--insert into batches (arrivaldate, expirationdate, warningperiod, barcode_fk ) values ('2021/05/01','2021/06/20',  12, 22221)  --laver ikke lave en notifikation                           
--insert into batches (arrivaldate, expirationdate, warningperiod, barcode_fk ) values ('2021/05/01','2021/06/05',  12, 22222)  --laver en notifikation med status pending   				          
--insert into batches (arrivaldate, expirationdate, warningperiod, barcode_fk ) values ('2021/05/01','2021/06/05',  12, 22223)  --laver en notifikation med status pending                         
--insert into batches (arrivaldate, expirationdate, warningperiod, barcode_fk ) values ('2021/05/01','2021/06/05',  12, 22224)  --laver en notifikation med status pending                         
--insert into batches (arrivaldate, expirationdate, warningperiod, barcode_fk ) values ('2021/05/01','2021/05/26',  12, 22225)  --laver en notifikation som er expired   

--insert into batches (arrivaldate, expirationdate, warningperiod, barcode_fk ) values ('2021/05/01','2021/06/20',  12, 33331)  --laver ikke lave en notifikation                           
--insert into batches (arrivaldate, expirationdate, warningperiod, barcode_fk ) values ('2021/05/01','2021/06/05',  12, 33332)  --laver en notifikation med status pending   				          
--insert into batches (arrivaldate, expirationdate, warningperiod, barcode_fk ) values ('2021/05/01','2021/06/05',  12, 33333)  --laver en notifikation med status pending                         
--insert into batches (arrivaldate, expirationdate, warningperiod, barcode_fk ) values ('2021/05/01','2021/06/05',  12, 33334)  --laver en notifikation med status pending                         
--insert into batches (arrivaldate, expirationdate, warningperiod, barcode_fk ) values ('2021/05/01','2021/05/26',  12, 33335)  --laver en notifikation som er expired                    

--insert into batches (arrivaldate, expirationdate, warningperiod, barcode_fk ) values ('2021/05/01','2021/06/20',  12, 44441)  --laver ikke lave en notifikation                           
--insert into batches (arrivaldate, expirationdate, warningperiod, barcode_fk ) values ('2021/05/01','2021/06/05',  12, 44442)  --laver en notifikation med status pending   				          
--insert into batches (arrivaldate, expirationdate, warningperiod, barcode_fk ) values ('2021/05/01','2021/06/05',  12, 44443)  --laver en notifikation med status pending                         
--insert into batches (arrivaldate, expirationdate, warningperiod, barcode_fk ) values ('2021/05/01','2021/06/05',  12, 44444)  --laver en notifikation med status pending                         
--insert into batches (arrivaldate, expirationdate, warningperiod, barcode_fk ) values ('2021/05/01','2021/05/26',  12, 44445)  --laver en notifikation som er expired   

--insert into batches (arrivaldate, expirationdate, warningperiod, barcode_fk ) values ('2021/05/01','2021/06/20',  12, 55551)  --laver ikke lave en notifikation                           
--insert into batches (arrivaldate, expirationdate, warningperiod, barcode_fk ) values ('2021/05/01','2021/06/05',  12, 55552)  --laver en notifikation med status pending   				          
--insert into batches (arrivaldate, expirationdate, warningperiod, barcode_fk ) values ('2021/05/01','2021/06/05',  12, 55553)  --laver en notifikation med status pending                         
--insert into batches (arrivaldate, expirationdate, warningperiod, barcode_fk ) values ('2021/05/01','2021/06/05',  12, 55554)  --laver en notifikation med status pending                         
--insert into batches (arrivaldate, expirationdate, warningperiod, barcode_fk ) values ('2021/05/01','2021/05/26',  12, 55555)  --laver en notifikation som er expired   

--insert into batches (arrivaldate, expirationdate, warningperiod, barcode_fk ) values ('2021/05/01','2021/06/20',  12, 66661)  --laver ikke lave en notifikation                           
--insert into batches (arrivaldate, expirationdate, warningperiod, barcode_fk ) values ('2021/05/01','2021/06/05',  12, 66662)  --laver en notifikation med status pending   				          
--insert into batches (arrivaldate, expirationdate, warningperiod, barcode_fk ) values ('2021/05/01','2021/06/05',  12, 66663)  --laver en notifikation med status pending                         
--insert into batches (arrivaldate, expirationdate, warningperiod, barcode_fk ) values ('2021/05/01','2021/06/05',  12, 66664)  --laver en notifikation med status pending                         
--insert into batches (arrivaldate, expirationdate, warningperiod, barcode_fk ) values ('2021/05/01','2021/05/26',  12, 66665)  --laver en notifikation som er expired   

--insert into batches (arrivaldate, expirationdate, warningperiod, barcode_fk ) values ('2021/05/01','2021/06/20',  12, 77771)  --laver ikke lave en notifikation                           
--insert into batches (arrivaldate, expirationdate, warningperiod, barcode_fk ) values ('2021/05/01','2021/06/05',  12, 77772)  --laver en notifikation med status pending   				          
--insert into batches (arrivaldate, expirationdate, warningperiod, barcode_fk ) values ('2021/05/01','2021/06/05',  12, 77773)  --laver en notifikation med status pending                         
--insert into batches (arrivaldate, expirationdate, warningperiod, barcode_fk ) values ('2021/05/01','2021/06/05',  12, 77774)  --laver en notifikation med status pending                         
--insert into batches (arrivaldate, expirationdate, warningperiod, barcode_fk ) values ('2021/05/01','2021/05/26',  12, 77775)  --laver en notifikation som er expired   


--yyyy-mm-dd


--insert into notifications (discount, note, status, batchID_fk) values (5, '', 'DISCOUNT', 1)
--insert into notifications (discount, note, status, batchID_fk) values (5, '', 'DISCOUNT', 6)
--insert into notifications (discount, note, status, batchID_fk) values (5, '', 'DISCOUNT', 11)
--insert into notifications (discount, note, status, batchID_fk) values (5, '', 'DISCOUNT', 16)
--insert into notifications (discount, note, status, batchID_fk) values (5, '', 'DISCOUNT', 21)
--insert into notifications (discount, note, status, batchID_fk) values (5, '', 'DISCOUNT', 26)
--insert into notifications (discount, note, status, batchID_fk) values (5, '', 'DISCOUNT', 31)










